{
	"hideandseek.test":
	{
		"category":"master",
		"sounds":["hideandseek/test"]
	},
	"hideandseek.count":
	{
		"category":"master",
		"sounds":["hideandseek/count1"]
	},
	"hideandseek.round_join":
	{
		"category":"master",
		"sounds":["hideandseek/round_join"]
	},
	"hideandseek.round_lost":
	{
		"category":"master",
		"sounds":["hideandseek/round_lost"]
	},
	"hideandseek.round_quit":
	{
		"category":"master",
		"sounds":["hideandseek/round_quit"]
	},
	"hideandseek.round_start":
	{
		"category":"master",
		"sounds":["hideandseek/round_start"]
	},
	"hideandseek.round_won":
	{
		"category":"master",
		"sounds":["hideandseek/round_won"]
	},
	"hideandseek.seeking":
	{
		"category":"master",
		"sounds":["hideandseek/seeking"]
	}
}